insert into users (email, name, password, surname, username, id) values ('e-mail-1', 'John-1', 'passwd-1', 'Doe-1', 'user-1', 1000001)
insert into users (email, name, password, surname, username, id) values ('e-mail-2', 'John-2', 'passwd-2', 'Doe-2', 'user-2', 1000002)
insert into users (email, name, password, surname, username, id) values ('e-mail-3', 'John-3', 'passwd-3', 'Doe-3', 'user-3', 1000003)
insert into movies (description, owner_id, publication_date, title, id) values ('description-1', 1000001, '2018-06-13', 'title-1', 1100001)
insert into movies (description, owner_id, publication_date, title, id) values ('description-2', 1000001, '2018-06-14', 'title-2', 1100002)
insert into movies (description, owner_id, publication_date, title, id) values ('description-3', 1000001, '2018-06-16', 'title-3', 1100003)
insert into movies (description, owner_id, publication_date, title, id) values ('description-4', 1000002, '2018-06-17', 'title-4', 1100004)
insert into movies (description, owner_id, publication_date, title, id) values ('description-5', 1000002, '2018-06-16', 'title-5', 1100005)
insert into votes (movie_id, opinion, user_id, id) values (1100001, 0, 1000001, 1200001)
insert into votes (movie_id, opinion, user_id, id) values (1100001, 0, 1000002, 1200002)
insert into votes (movie_id, opinion, user_id, id) values (1100001, 0, 1000003, 1200003)
insert into votes (movie_id, opinion, user_id, id) values (1100002, 1, 1000001, 1200004)
insert into votes (movie_id, opinion, user_id, id) values (1100002, 1, 1000002, 1200005)
insert into votes (movie_id, opinion, user_id, id) values (1100002, 1, 1000003, 1200006)
insert into votes (movie_id, opinion, user_id, id) values (1100003, 0, 1000001, 1200007)
insert into votes (movie_id, opinion, user_id, id) values (1100003, 1, 1000002, 1200008)
-- insert into votes (movie_id, opinion, user_id, id) values (1100003, 1, 1000003, 1200009)
-- insert into users_votes (user_id, votes_id) values (1000001, 1200001)
-- insert into users_votes (user_id, votes_id) values (1000001, 1200002)
-- insert into users_votes (user_id, votes_id) values (1000001, 1200003)
-- insert into users_votes (user_id, votes_id) values (1000002, 1200004)
-- insert into users_votes (user_id, votes_id) values (1000002, 1200005)
-- insert into users_votes (user_id, votes_id) values (1000002, 1200006)
-- insert into users_votes (user_id, votes_id) values (1000003, 1200007)
-- insert into users_votes (user_id, votes_id) values (1000003, 1200008)
-- insert into users_votes (user_id, votes_id) values (1000003, 1200009)
